{
  "config_path": "configs/dev.yaml",
  "duration_ms_total": 14,
  "iterations": 1,
  "messages": 11,
  "stage_ms": {
    "CLASSIFY": {
      "avg_ms": 0.3136909091898071,
      "count": 11,
      "max_ms": 0.6780000003345776,
      "p50_ms": 0.275100002909312,
      "p95_ms": 0.6780000003345776
    },
    "EXTRACT": {
      "avg_ms": 0.02550000036452812,
      "count": 11,
      "max_ms": 0.14960000044084154,
      "p50_ms": 0.01179999890155159,
      "p95_ms": 0.14960000044084154
    },
    "IDENTITY": {
      "avg_ms": 0.17453636378790674,
      "count": 11,
      "max_ms": 0.38520000089192763,
      "p50_ms": 0.1612999985809438,
      "p95_ms": 0.38520000089192763
    },
    "ROUTE": {
      "avg_ms": 0.2152454534635498,
      "count": 11,
      "max_ms": 0.35180000122636557,
      "p50_ms": 0.1979000007850118,
      "p95_ms": 0.35180000122636557
    }
  },
  "status": "OK",
  "throughput_msgs_per_s": 785.7142857142857
}
